업태,업소명,소재지도로명주소,소재지전화,데이터기준일자
여관업,거래처모텔,강원도 춘천시 서부대성로44번길 6 (요선동), 033-252-2666,2021-09-09
관광호텔,춘천세종호텔,강원도 춘천시 봉의산길 31 (봉의동), 033-252-1191,2021-09-09
여관업,춘양장모텔,강원도 춘천시 당간지주길 94 (소양로1가), 033-254-3563,2021-09-09
여인숙업,대성여인숙,강원도 춘천시 가연길5번길 24 (소양로4가), 033-256-6553,2021-09-09
여관업,동성여관,강원도 춘천시 중앙로166번길 4 (근화동), 033-254-2944,2021-09-09
여인숙업,삼화여인숙,강원도 춘천시 중앙로124번길 12 (소양로4가), 033-254-4724,2021-09-09
여인숙업,그린여인숙,강원도 춘천시 가연길5번길 12 (소양로4가),033-242-7655,2021-09-09
여관업,짝모텔,강원도 춘천시 춘천로186번길 4 (효자동), 033-244-8665,2021-09-09
여관업,별장모텔,강원도 춘천시 중앙로 186-8 (근화동), 033-254-2754,2021-09-09
여인숙업,"호텔정관루별관(투투별장,아뜰리에,문학인촌)",강원도 춘천시 남산면 남이섬길 1, 031-582-2197,2021-09-09
여인숙업,강화여인숙,강원도 춘천시 가연길5번길 28-1 (소양로4가),033-251-7923,2021-09-09
여인숙업,강릉여인숙,강원도 춘천시 가연길5번길 2-2 (소양로4가), 033-254-4539,2021-09-09
여관업,k모텔,강원도 춘천시 시청길12번길 18 (조양동),033-253-6034,2021-09-09
여관업,조인모텔,강원도 춘천시 중앙로166번길 5 (근화동),033-242-0783,2021-09-09
여관업,공주여관,강원도 춘천시 공지로 473-1 (근화동), 033-254-2414,2021-09-09
여관업,삼진장여관,강원도 춘천시 공지로 472-1 (근화동), 033-254-8485,2021-09-09
여인숙업,명화여인숙,강원도 춘천시 중앙로124번길 3 (소양로4가), 033-254-5394,2021-09-09
여관업,리츠호텔,강원도 춘천시 공지로451번길 1 (근화동), 033-241-0798,2021-09-09
여관업,해피장여관,강원도 춘천시 공지로 471-1 (근화동), 033-254-6850,2021-09-09
여관업,작은별장,강원도 춘천시 공지로 472 (근화동), 033-257-7177,2021-09-09
여관업,한성장여관,강원도 춘천시 동부시장길 5-2 (운교동), 033-255-3800,2021-09-09
여관업,해원장여관,강원도 춘천시 공지로461번길 13-2 (근화동),033-243-8686,2021-09-09
여관업,송림장여관,강원도 춘천시 중앙로 162 (근화동), 033-254-6138,2021-09-09
일반호텔,춘천센트럴호텔,강원도 춘천시 중앙로68번길 12 (낙원동),033-257-1900,2021-09-09
일반호텔,호텔정관루본관,강원도 춘천시 남산면 남이섬길 1, 031-580-8000,2021-09-09
여관업,대지여관,강원도 춘천시 공지로 473-2 (근화동), 033-254-5487,2021-09-09
여인숙업,소나무집여인숙,강원도 춘천시 북산면 추곡약수길 89-2,,2021-09-09
여인숙업,홍호여인숙,강원도 춘천시 가연길5번길 22 (소양로4가),,2021-09-09
관광호텔,에스파스 호스텔,강원도 춘천시 닥나무길 12 (효자동), 033-256-2230,2021-09-09
여관업,황토모텔,강원도 춘천시 서부대성로44번길 3 (요선동),033-241-8599,2021-09-09
여관업,이오스모텔,강원도 춘천시 춘천로186번길 9 (효자동), 033-241-5590,2021-09-09
여관업,금수장여관,강원도 춘천시 남춘로 32 (퇴계동), 033-264-8433,2021-09-09
여관업,호텔라임,강원도 춘천시 중앙로68번길 22-4 (소양로3가),033-257-2860,2021-09-09
여관업,메이하우스,강원도 춘천시 남산면 남이섬길 1, 031-582-2181,2021-09-09
여관업,천호장여관,강원도 춘천시 약사고개길 15-1 (죽림동), 033-253-2722,2021-09-09
여인숙업,호텔정관루별관(게스트하우스),강원도 춘천시 남산면 남이섬길 1, 031-582-2197,2021-09-09
여관업,청화장,강원도 춘천시 중앙로 194 (근화동), 033-253-1185,2021-09-09
여관업,V(브이)모텔,강원도 춘천시 서부대성로47번길 3 (요선동), 033-244-5312,2021-09-09
여관업,춘천일기스테이,강원도 춘천시 중앙로27번길 9-1 (옥천동),,2021-09-09
여관업,고향장여관,강원도 춘천시 운천길 28-15 (운교동), 033-252-0607,2021-09-09
여관업,호반모텔,강원도 춘천시 춘천로68번길 9-1 (효자동), 033-256-7531,2021-09-09
여관업,호텔121,강원도 춘천시 금강로121번길 16 (효자동), 033-254-1151,2021-09-09
여관업,계림산장,강원도 춘천시 스포츠타운길 340 (삼천동), 033-254-7392,2021-09-09
여관업,세이블모텔,강원도 춘천시 소양로120번길 11 (소양로2가), 033-255-4494,2021-09-09
여관업,영은모텔,강원도 춘천시 중앙로 186-10 (근화동),033-254-4015,2021-09-09
여인숙업,강촌하우스,강원도 춘천시 서면 경춘로 1160,,2021-09-09
여관업,모텔발렌타인,강원도 춘천시 춘천로170번길 16 (효자동), 033-251-3970,2021-09-09
여관업,경성여관,강원도 춘천시 춘천로186번길 12-1 (효자동), 033-251-6083,2021-09-09
여관업,라임모텔,강원도 춘천시 춘천로170번길 14 (효자동), 033-254-3131,2021-09-09
여관업,메이모텔,강원도 춘천시 공지로451번길 12-1 (근화동),,2021-09-09
여관업,리젠트모텔,강원도 춘천시 공지로461번길 14 (근화동),033-251-2274,2021-09-09
여관업,엔젤모텔,강원도 춘천시 가연길 3 (소양로4가), 033-256-2926,2021-09-09
관광호텔,춘천베어스관광호텔,강원도 춘천시 스포츠타운길 376 (삼천동), 033-256-2525,2021-09-09
여관업,후평모텔,강원도 춘천시 보안길 101 (후평동), 033-253-7539,2021-09-09
여관업,큐모텔,강원도 춘천시 춘천로186번길 10 (효자동), 033-256-4334,2021-09-09
여관업,한성모텔,강원도 춘천시 공지로347번길 8 (효자동),033-242-3077,2021-09-09
여관업,GM모텔,강원도 춘천시 보안길 109 (후평동),033-256-4202,2021-09-09
여관업,태양파크,강원도 춘천시 공지로451번길 14 (근화동), 033-242-5347,2021-09-09
여관업,메트로모텔,강원도 춘천시 춘천로186번길 12 (효자동), 033-241-9700,2021-09-09
여관업,썸 모텔,강원도 춘천시 춘천로176번길 9 (효자동),033-254-4241,2021-09-09
여관업,용궁장여관,강원도 춘천시 공지로 471 (근화동), 033-254-3216,2021-09-09
여관업,소양필모텔,강원도 춘천시 신북읍 신샘밭로 679, 033-241-2290,2021-09-09
여관업,태화장여관,강원도 춘천시 소양로 173-3 (소양로2가), 033-242-3508,2021-09-09
여관업,조이모텔,강원도 춘천시 공지로 473 (근화동), 033-255-9075,2021-09-09
여관업,이튼호텔,강원도 춘천시 서부대성로48번길 9-1 (요선동), 033-254-4458,2021-09-09
여관업,한솔파크,강원도 춘천시 방송길36번길 73-5 (근화동), 033-241-7812,2021-09-09
여관업,다우스모텔,강원도 춘천시 남산면 강촌로 182, 033-261-6634,2021-09-09
여관업,엘지장여관,강원도 춘천시 가연길5번길 11 (소양로4가), 033-252-7700,2021-09-09
여관업,장수장여관,강원도 춘천시 효석로9번길 11-3 (효자동), 033-264-8061,2021-09-09
여관업,위도파크장여관,강원도 춘천시 영서로 3072 (사농동), 033-251-9132,2021-09-09
여관업,호반모텔,강원도 춘천시 서면 박사로 823, 033-244-6151,2021-09-09
여관업,춘천게스트하우스 파티앤스테이,강원도 춘천시 아침길 16-1 (조양동),,2021-09-09
여관업,파라다이스모텔,강원도 춘천시 보안길 87 (후평동), 033-257-2580,2021-09-09
여관업,유림모텔,강원도 춘천시 소양로219번길 5 (소양로1가), 033-252-5878,2021-09-09
여관업,봄봄모텔,강원도 춘천시 방송길36번길 56 (근화동), 033-242-0902,2021-09-09
여관업,황도파크여관,강원도 춘천시 방송길36번길 53-22 (근화동), 033-256-2534,2021-09-09
여관업,리버사이드코지호텔,강원도 춘천시 강창골길 14 (삼천동), 033-241-6671,2021-09-09
여관업,수모텔,강원도 춘천시 영서로 2515 (근화동), 033-254-1956,2021-09-09
여관업,더블유모텔,강원도 춘천시 영서로 2517 (근화동), 033-243-0227,2021-09-09
여관업,만보장여관,강원도 춘천시 방송길36번길 73-3 (근화동), 033-252-6034,2021-09-09
여관업,뜨라네모텔,강원도 춘천시 구마니길 36 (삼천동), 033-252-9455,2021-09-09
여관업,지퍼모텔,강원도 춘천시 보안길 91 (후평동), 033-257-6161,2021-09-09
여관업,레오모텔,강원도 춘천시 동면 춘천로 558, 033-257-5700,2021-09-09
여관업,아름다운세상리조텔,강원도 춘천시 사북면 화악지암길 782, 033-243-2243,2021-09-09
여관업,대원모텔,강원도 춘천시 남산면 강촌구곡길 206, 033-262-0255,2021-09-09
여관업,알프스모텔,강원도 춘천시 보안길 117 (후평동), 033-243-6661,2021-09-09
여관업,궁전모텔,강원도 춘천시 퇴계로93번길 17 (퇴계동), 033-261-9772,2021-09-09
여관업,미림파크여관,강원도 춘천시 옥산포길 39-3 (사농동), 033-256-6232,2021-09-09
여관업,골든텔모텔,강원도 춘천시 동면 가락재로 93, 033-241-5954,2021-09-09
여관업,오성모텔,강원도 춘천시 남춘로56번길 12 (효자동), 033-264-0037,2021-09-09
여관업,더 베이 630,강원도 춘천시 서면 박사로 630, 033-243-2929,2021-09-09
여관업,로즈파크,강원도 춘천시 신북읍 상천3길 13, 033-241-1422,2021-09-09
여관업,서울파크,강원도 춘천시 신북읍 상천3길 11, 033-244-5400,2021-09-09
여관업,모텔가향,강원도 춘천시 신북읍 신샘밭로 749, 033-242-2242,2021-09-09
여관업,유하트모텔,강원도 춘천시 구마니길 35 (삼천동), 033-252-1122,2021-09-09
여관업,3D 시네마모텔,강원도 춘천시 중앙로27번길 5-4 (옥천동), 033-241-0331,2021-09-09
여관업,시네마모텔,강원도 춘천시 동면 가산로 153, 033-241-1575,2021-09-09
여관업,산내들,강원도 춘천시 남산면 갯골길 45, 033-262-3538,2021-09-09
여관업,초원장여관,강원도 춘천시 효석로9번길 11-4 (효자동), 033-253-0083,2021-09-09
여관업,드림파크여관,강원도 춘천시 사북면 춘화로 736, 033-244-4499,2021-09-09
여관업,모텔래미안,강원도 춘천시 영서로 3068 (사농동), 033-241-5333,2021-09-09
여관업,삼일,강원도 춘천시 남산면 강촌로 246, 033-262-0333,2021-09-09
여관업,그랜드모텔,강원도 춘천시 중앙로27번길 11 (옥천동), 033-243-5021,2021-09-09
여관업,모텔샤인,강원도 춘천시 신북읍 신샘밭로 743, 033-242-4471,2021-09-09
여관업,이프모텔,강원도 춘천시 우묵길 51 (퇴계동), 033-242-2154,2021-09-09
여관업,대교장여관,강원도 춘천시 가연길5번길 45 (근화동),033-262-8433,2021-09-09
여관업,케이리버리조트,강원도 춘천시 남산면 방하로 637-8, 033-263-7444,2021-09-09
여관업,유진텔여관,강원도 춘천시 효석로9번길 5 (효자동), 033-264-4422,2021-09-09
여관업,빅힐모텔,"강원도 춘천시 퇴계로77번길 22-2 (퇴계동, 외 1필지)", 033-251-6366,2021-09-09
여관업,"헤이,춘천(Heyy,chuncheon)",강원도 춘천시 남춘로45번길 6 (효자동),,2021-09-09
여인숙업,춘천 게스트하우스 청춘봄봄,강원도 춘천시 남춘로 33-1 (퇴계동),,2021-09-09
여인숙업,대호여인숙,강원도 춘천시 중앙로 182 (근화동), 033-241-0183,2021-09-09
여관업,프린스장여관,강원도 춘천시 운교길6번길 7-1 (운교동), 033-244-3470,2021-09-09
여관업,수향모텔,강원도 춘천시 동면 춘천로 575, 033-257-5005,2021-09-09
여관업,플레인호텔(THE PLAIN),강원도 춘천시 스포츠타운길 234 (삼천동), 033-255-0339,2021-09-09
여관업,파인힐여관,강원도 춘천시 동면 소양강로 388, 033-241-7600,2021-09-09
여관업,호텔몽,강원도 춘천시 춘천로68번길 21 (효자동), 033-251-1161,2021-09-09
여관업,채록지모텔,강원도 춘천시 스포츠타운길 246 (삼천동), 033-256-6888,2021-09-09
여관업,카리브모텔,강원도 춘천시 우묵길 47 (퇴계동), 033-243-4720,2021-09-09
여관업,동원파크,강원도 춘천시 공지로451번길 7 (근화동), 033-251-0712,2021-09-09
여관업,민들레민박,강원도 춘천시 남산면 강촌로 78, 033-261-0129,2021-09-09
여관업,앨리스모텔,강원도 춘천시 남춘로25번길 5 (퇴계동), 033-256-8229,2021-09-09
여관업,이화여관,강원도 춘천시 공지로 475 (근화동),,2021-09-09
일반호텔,봄호텔,강원도 춘천시 남춘로36번길 4 (효자동), 033-264-1477,2021-09-09
여관업,모닝스카이,강원도 춘천시 효석로9번길 15 (효자동), 033-263-3755,2021-09-09
여관업,하이리조텔,강원도 춘천시 보안길 85 (후평동), 033-256-1258,2021-09-09
여관업,라벤다호텔,강원도 춘천시 남춘로5번길 10-2 (퇴계동), 033-255-0550,2021-09-09
여관업,아비숑모텔,강원도 춘천시 우묵길 67 (퇴계동), 033-255-8470,2021-09-09
여관업,파레스모텔,강원도 춘천시 우묵길 77 (퇴계동), 033-253-9997,2021-09-09
여관업,썬샤인모텔,강원도 춘천시 효석로9번길 17 (효자동), 033-262-4230,2021-09-09
여관업,썬스타모텔,강원도 춘천시 남춘로5번길 7-1 (퇴계동),033-252-9633,2021-09-09
여관업,파파야모텔,강원도 춘천시 남춘로5번길 7 (퇴계동), 033-255-0503,2021-09-09
여관업,호텔 스토리,강원도 춘천시 구마니길 24 (삼천동), 033-252-5534,2021-09-09
여관업,테마모텔,강원도 춘천시 방송길36번길 73-10 (근화동), 033-254-0356,2021-09-09
여관업,5IN(파이브인),강원도 춘천시 남춘로5번길 9-3 (퇴계동),033-254-5727,2021-09-09
여관업,노보텔,강원도 춘천시 금강로13번길 22 (소양로3가), 033-256-1950,2021-09-09
여관업,로즈힐모텔,강원도 춘천시 남춘로56번길 10 (효자동), 033-261-4800,2021-09-09
여관업,호텔야자춘천후평점,강원도 춘천시 보안길 107-1 (후평동), 033-254-0755,2021-09-09
여관업,레이크모텔,강원도 춘천시 화목원1길 5-11 (사농동), 033-253-6797,2021-09-09
여관업,베네모텔,강원도 춘천시 춘천로44번길 8 (퇴계동),033-255-5600,2021-09-09
여관업,클래식모텔,강원도 춘천시 중앙로27번길 9-5 (옥천동),033-244-4701,2021-09-09
여관업,모텔칸,강원도 춘천시 남춘로 28 (퇴계동), 033-262-5205,2021-09-09
여관업,조히텔,강원도 춘천시 후석로370번길 8 (후평동), 033-253-5832,2021-09-09
여관업,시드니모텔,강원도 춘천시 남춘로 51 (효자동), 033-241-2417,2021-09-09
여관업,어베인호텔,강원도 춘천시 우묵길 81 (퇴계동), 033-241-2389,2021-09-09
여관업,올리브모텔,강원도 춘천시 퇴계로77번길 10 (퇴계동), 033-251-3130,2021-09-09
여관업,호텔필,강원도 춘천시 남춘로 30-1 (퇴계동), 033-263-7096,2021-09-09
여관업,노블모텔,강원도 춘천시 금강로 129 (효자동), 033-255-5544,2021-09-09
여관업,호텔오즈,강원도 춘천시 금강로121번길 19 (효자동), 033-256-2563,2021-09-09
여관업,메이트호텔,강원도 춘천시 중앙로67번길 13 (조양동), 033-255-4116,2021-09-09
여관업,하몽모텔,강원도 춘천시 우묵길 59 (퇴계동), 033-256-2450,2021-09-09
여관업,월드호텔,강원도 춘천시 옥천길 11 (중앙로1가), 033-254-8001,2021-09-09
여관업,VIP모텔,강원도 춘천시 금강로13번길 21 (소양로3가), 033-251-7785,2021-09-09
여관업,모텔티파니,강원도 춘천시 금강로 133-1 (효자동), 033-242-0080,2021-09-09
여관업,비발디모텔,강원도 춘천시 스포츠타운길 296 (삼천동), 033-242-9240,2021-09-09
여관업,모텔에로스,강원도 춘천시 공지로451번길 10 (근화동), 033-252-5033,2021-09-09
여관업,맨하탄모텔,강원도 춘천시 퇴계로77번길 12 (퇴계동),033-241-0550,2021-09-09
여관업,발리모텔,강원도 춘천시 구마니길 20 (삼천동), 033-257-0711,2021-09-09
여관업,캣츠호텔,강원도 춘천시 공지로 355 (효자동), 033-257-7407,2021-09-09
여관업,제이드모텔,강원도 춘천시 동면 가산로 157-7, 033-241-2599,2021-09-09
여관업,세라모텔,강원도 춘천시 남춘로5번길 14-6 (퇴계동), 033-242-4570,2021-09-09
일반호텔,뷰호텔,강원도 춘천시 시청길 36 (조양동), 033-242-0023,2021-09-09
여관업,펜션강촌드림잉,강원도 춘천시 남산면 강촌로 100, 033-262-3307,2021-09-09
여관업,호조모텔,강원도 춘천시 우묵길 55 (퇴계동), 033-242-8308,2021-09-09
여관업,하이리조트,강원도 춘천시 남산면 방하로 528, 033-263-7227,2021-09-09
여관업,델비아모텔,강원도 춘천시 방송길36번길 53-5 (근화동), 033-253-7799,2021-09-09
여관업,드라마모텔,강원도 춘천시 서부대성로44번길 16 (요선동), 033-244-6497,2021-09-09
여관업,퍼펙트모텔,강원도 춘천시 남춘로56번길 6 (효자동), 033-261-3530,2021-09-09
여관업,호텔오띠모,강원도 춘천시 서부대성로43번길 4 (요선동), 033-242-0116,2021-09-09
여관업,아이관광호텔,강원도 춘천시 공지로347번길 6 (효자동), 033-257-0700,2021-09-09
여관업,모텔홀인원,강원도 춘천시 강창골길 35 (삼천동), 033-256-1566,2021-09-09
여관업,"헤이,춘천(Heyy,chuncheon)",강원도 춘천시 남춘로 49 (효자동), 033-243-5566,2021-09-09
여관업,리버사이드모텔,강원도 춘천시 신북읍 신샘밭로 745, 033-242-3002,2021-09-09
여관업,휴모텔,강원도 춘천시 남춘로5번길 10-4 (퇴계동),033-253-4177,2021-09-09
여관업,별님과달님1,강원도 춘천시 사북면 화악지암1길 124, 033-243-4220,2021-09-09
여관업,별님과달님,강원도 춘천시 사북면 화악지암1길 124, 033-243-4220,2021-09-09
여관업,펜텔굿타임,강원도 춘천시 남산면 강촌로 106, 033-261-4720,2021-09-09
여관업,하얀별모텔,강원도 춘천시 강창골길 37 (삼천동), 033-252-5789,2021-09-09
여관업,리버큐브(RIVER CUBE),강원도 춘천시 남산면 갯골길 10-13, 033-261-1797,2021-09-09
여관업,비너스모텔,강원도 춘천시 우두상리길 108 (우두동), 033-257-8028,2021-09-09
여관업,OST호텔,강원도 춘천시 서부대성로44번길 11 (요선동),033-241-7728,2021-09-09
여관업,화이트모텔,강원도 춘천시 충열로 260 (우두동),033-242-3006,2021-09-09
여관업,호텔코지,강원도 춘천시 금강로 31 (소양로3가),033-253-6996,2021-09-09
여인숙업,월드여관,강원도 춘천시 중앙로 176 (근화동),033-254-5013,2021-09-09
여관업,강촌폭포펜션,강원도 춘천시 남산면 강촌구곡길 135,033-261-4629,2021-09-09
일반호텔,S-쁘띠호텔,강원도 춘천시 춘천로56번길 5 (효자동),033-243-4422,2021-09-09
여관업,여우그늘펜션,강원도 춘천시 남산면 보매기1길 62-14,033-262-9986,2021-09-09
여관업,마임호텔,강원도 춘천시 우묵길 79 (퇴계동),033-242-5566,2021-09-09
여관업,숲속의강촌,강원도 춘천시 남산면 강촌로 186-3,033-261-1291,2021-09-09
여관업,Mu모텔,강원도 춘천시 서부대성로48번길 15 (요선동),033-256-7071,2021-09-09
여관업,소양강호텔,강원도 춘천시 공지로 480 (근화동),033-243-5300,2021-09-09
일반호텔,명동호텔,강원도 춘천시 아침길 12 (조양동),033-241-1188,2021-09-09
일반호텔,호텔N,강원도 춘천시 구마니길 26 (삼천동),033-243-5353,2021-09-09
여관업,초당장여관,강원도 춘천시 중앙로106번길 3 (낙원동),033-242-6562,2021-09-09
여관업,MOTEL.H.현대모텔,강원도 춘천시 춘천로68번길 17 (효자동),033-253-2224,2021-09-09
여관업,애플모텔,강원도 춘천시 효명길 10 (효자동),033-252-2335,2021-09-09
일반호텔,케이티엔지상상마당춘천스테이,강원도 춘천시 스포츠타운길399번길 22 (삼천동),033-818-4200,2021-09-09
여관업,뉴캐슬모텔,강원도 춘천시 강창골길 33 (삼천동),033-242-6013,2021-09-09
관광호텔,봄엔게스트하우스,"강원도 춘천시 공지로 469, 2층 (근화동)",070-7527-5401,2021-09-09
여관업,센스무인텔,강원도 춘천시 남산면 보매기길 38,033-261-6161,2021-09-09
여관업,센스모텔,강원도 춘천시 남산면 보매기길 36,033-261-0040,2021-09-09
일반호텔,호텔명작,강원도 춘천시 춘천로176번길 13 (효자동),033-241-5689,2021-09-09
여관업,춘천소설호텔(Chuncheon SOHSUL HOTEL),강원도 춘천시 중앙로 26 (요선동),033-257-6111,2021-09-09
여관업,쉬어가는 춘천역,강원도 춘천시 소양고개길 12-1 (소양로2가),,2021-09-09
여관업,대성장모텔,강원도 춘천시 중앙로166번길 6 (근화동),,2021-09-09
숙박업 기타,호수로가는집,강원도 춘천시 사북면 가일길 555,,2021-09-09
숙박업 기타,춘천에서 온 편지,"강원도 춘천시 소양로110번길 11, 2층 (소양로3가)",070-4266-0930,2021-09-09
여관업,호텔봄내A,강원도 춘천시 구마니길 18 (삼천동),033-254-5800,2021-09-09
여관업,호텔봄내B,강원도 춘천시 구마니길 18 (삼천동),033-254-5800,2021-09-09
여관업,초콜릿무인텔,강원도 춘천시 구마니길 18 (삼천동),033-244-5200,2021-09-09
여관업,벤틀리,강원도 춘천시 춘천로170번길 17 (효자동),033-241-1011,2021-09-09
여관업,플라워파크,강원도 춘천시 강창골길 38 (삼천동),033-257-3989,2021-09-09
여관업,호텔루나,강원도 춘천시 남산면 갯골길 52,033-263-7722,2021-09-09
숙박업(생활),호텔정관루별관(콘도별장),강원도 춘천시 남산면 남이섬길 1, 031-582-2197,2021-09-09
숙박업(생활),현민실업(주) 래금힐파크여관,강원도 춘천시 사북면 지내고탄로 752, 033-244-7711,2021-09-09
숙박업(생활),엘스위트 강촌콘도,강원도 춘천시 남산면 북한강변길 688, 033-260-2381,2021-09-09
숙박업(생활),씨앤텔,강원도 춘천시 남산면 강촌로 104, 033-262-5514,2021-09-09
숙박업(생활),피그멜리온 이펙트,강원도 춘천시 서면 경춘로 405,033-263-2111,2021-09-09
숙박업(생활),느티나무마을,강원도 춘천시 남산면 강촌로 80-1, 033-261-0051,2021-09-09
숙박업(생활),강촌홀리데이,강원도 춘천시 남산면 강촌로 174-9,,2021-09-09
숙박업(생활),아띠펜션,강원도 춘천시 남산면 강촌로 174-8,033-261-9786,2021-09-09
숙박업(생활),아이산테니스펜션,강원도 춘천시 남산면 서백3길 101,,2021-09-09
숙박업(생활),리얼다이어트캠프안피트니스컴퍼니,강원도 춘천시 남산면 강촌구곡길 221,070-7757-7760,2021-09-09
숙박업(생활),산울림,"강원도 춘천시 남산면 노일길 40-8, 2층",,2021-09-09
숙박업(생활),라비에벨 콘도1차(빌라듄스),강원도 춘천시 동산면 조양리 산 166번지 1호   ,033-245-7010,2021-09-09
숙박업(생활),너랑나랑,강원도 춘천시 남산면 강촌로 250,,2021-09-09
숙박업(생활),더베네치아스위트,강원도 춘천시 효자로 136 (효자동),033-255-9600,2021-09-09
숙박업(생활),호텔공지천,강원도 춘천시 수변공원길 11 (삼천동),033-244-6100,2021-09-09
숙박업(생활),뷰티풀펜션,강원도 춘천시 남산면 강촌로 186,033-261-3355,2021-09-09
민박,강촌산여울,강원도 춘천시 남산면 검봉산길 23,033-262-1220,2021-09-09
민박,방하리 펜션,강원도 춘천시 남산면 문의골길 74,033-263-0997,2021-09-09
민박,푸른마트 4층,강원도 춘천시 남산면 강촌로 116,033-261-2391,2021-09-09
민박,마린레져펜션,강원도 춘천시 남산면 문의골길 3,033-263-1497,2021-09-09
민박,팔도민박,강원도 춘천시 남산면 강촌구곡길 19,033-261-0132,2021-09-09
민박,연화펜션,"강원도 춘천시 남산면 방하로 777, 가동",033-263-5512,2021-09-09
민박,정 팜스테이,강원도 춘천시 사북면 원평길 54,033-243-3430,2021-09-09
민박,연화민박,"강원도 춘천시 남산면 방하로 777, 나동",033-263-5513,2021-09-09
민박,오월당,강원도 춘천시 서면 납실길 214,033-244-8123,2021-09-09
민박,제이드 빌,강원도 춘천시 남산면 햇골길 31-7,033-263-4676,2021-09-09
민박,갓골가든,강원도 춘천시 사북면 화악지암길 765,033-243-8806,2021-09-09
민박,삼팔선의봄,강원도 춘천시 사북면 말고개길 14-13,033-253-8406,2021-09-09
민박,강가에서민박,강원도 춘천시 사북면 춘화로 372,033-244-3132,2021-09-09
민박,레만,강원도 춘천시 서면 박사로 219,033-244-4211,2021-09-09
민박,초콜릿월드,강원도 춘천시 남산면 풀무골1길 102,033-261-8953,2021-09-09
민박,산내들,강원도 춘천시 서면 납실길 15-6,033-243-5559,2021-09-09
민박,우리주말농장,강원도 춘천시 서면 명월길 330,033-243-8249,2021-09-09
민박,백두산,강원도 춘천시 남산면 서백길 713,033-263-0298,2021-09-09
민박,남이섬리버필드,강원도 춘천시 남산면 서천길 139-2,033-263-3697,2021-09-09
민박,리버스케치,강원도 춘천시 남산면 서천길 137-1,033-263-2677,2021-09-09
민박,대추나무집,강원도 춘천시 사북면 원평길 235,033-243-5495,2021-09-09
민박,남이섬레이크,강원도 춘천시 남산면 서천길 139-1,033-263-9277,2021-09-09
민박,리버팜Ⅰ펜션,강원도 춘천시 남산면 북한강변길 46-12,033-264-2546,2021-09-09
민박,강촌민박,강원도 춘천시 남산면 강촌로 93,033-261-4303,2021-09-09
민박,리버레일,강원도 춘천시 남산면 북한강변길 910-34,033-261-2771,2021-09-09
민박,그린로즈,강원도 춘천시 남산면 보매기1길 91,033-261-7791,2021-09-09
민박,강산빌리지,강원도 춘천시 남산면 오양골길 23,033-262-7447,2021-09-09
민박,필링펜션,강원도 춘천시 남산면 강촌로 121,033-261-0033,2021-09-09
민박,감투봉,강원도 춘천시 남산면 홍천강변길 34-3,033-261-9384,2021-09-09
민박,허브스토리,강원도 춘천시 남산면 노일길 51,033-262-8959,2021-09-09
민박,샘물둥지민박,강원도 춘천시 송암길 45 (송암동),033-263-5284,2021-09-09
민박,풍전가든,강원도 춘천시 화악지암길 600-59,033-243-1324,2021-09-09
민박,달과별,강원도 춘천시 남산면 북한강변길 28,033-263-0103,2021-09-09
민박,달마을,강원도 춘천시 남산면 북한강변길 32,,2021-09-09
민박,추억여행,강원도 춘천시 남산면 검봉산길 33,033-262-9989,2021-09-09
민박,리멤버투어,강원도 춘천시 남산면 검봉산길 31,033-262-0129,2021-09-09
민박,포시즌,강원도 춘천시 남산면 강촌로 184,033-261-6402,2021-09-09
민박,엉클스 게스트하우스,강원도 춘천시 남산면 북한강변길 38,,2021-09-09
민박,별자리,강원도 춘천시 남산면 북한강변길 26,,2021-09-09
민박,우레골 황가네,강원도 춘천시 사북면 우레골길 104-22,033-243-5923,2021-09-09
민박,소나무집,강원도 춘천시 사북면 원평길 243,033-243-5289,2021-09-09
민박,빨간우체통,강원도 춘천시 남산면 노일길 105,033-262-4692,2021-09-09
민박,유엔아이Ⅰ,강원도 춘천시 남산면 소주고개로 459-17,033-262-5451,2021-09-09
민박,조은세상민박,강원도 춘천시 남산면 한치로 110,033-262-1273,2021-09-09
민박,샘물민박,강원도 춘천시 남산면 강촌로 52-1,033-261-0153,2021-09-09
민박,간이역,강원도 춘천시 남산면 서천길 99,033-263-5939,2021-09-09
민박,펠리체펜션,강원도 춘천시 서면 납실길 102-5,033-244-5509,2021-09-09
민박,러브레터,강원도 춘천시 남산면 보매기1길 104,033-261-8867,2021-09-09
민박,풀빛그림,강원도 춘천시 남산면 방하로 511,033-243-2728,2021-09-09
민박,화이트펜션,강원도 춘천시 남산면 강촌로 186-2,,2021-09-09
민박,별이야기,강원도 춘천시 남산면 북한강변길 110-6,033-263-1771,2021-09-09
민박,꽃사슴민박,강원도 춘천시 남산면 햇골길 19-9,033-263-3097,2021-09-09
민박,시골마당,강원도 춘천시 남산면 햇골길 35,033-263-6780,2021-09-09
민박,사랑이 머무는 풍경,강원도 춘천시 남산면 보매기1길 62-10,033-262-7787,2021-09-09
민박,강촌로드빌민박,강원도 춘천시 남산면 강촌로 110,,2021-09-09
민박,프로방스,강원도 춘천시 남산면 갯골길 62-3,033-261-2657,2021-09-09
민박,플라워,강원도 춘천시 남산면 강촌로 174-4,,2021-09-09
민박,강촌사랑펜션,강원도 춘천시 남산면 강촌로 109,033-261-8182,2021-09-09
민박,리버웍,강원도 춘천시 남산면 북한강변길 840,033-262-9601,2021-09-09
민박,올리브펜션,강원도 춘천시 남산면 강촌로 174-7,033-262-0789,2021-09-09
민박,해피데이,강원도 춘천시 남산면 갯골길 62-4,033-262-2567,2021-09-09
민박,전원민박,강원도 춘천시 남산면 강촌구곡길 112,033-262-9159,2021-09-09
민박,선영민박,강원도 춘천시 남산면 강촌구곡길 85,033-261-0244,2021-09-09
민박,홍천강화이트하우스,강원도 춘천시 남산면 홍천강변길 512,033-263-1837,2021-09-09
민박,핑크하우스,강원도 춘천시 남산면 강촌로 128,,2021-09-09
민박,첼로,강원도 춘천시 남산면 풀무골1길 101-14,033-262-0238,2021-09-09
민박,소남이섬펜션,강원도 춘천시 남면 충효로 1219-110,033-263-7797,2021-09-09
민박,도토리민박,강원도 춘천시 남산면 강촌구곡길 66,033-261-0357,2021-09-09
민박,머믄자리,강원도 춘천시 남산면 강촌로 56,033-261-0021,2021-09-09
민박, 그곳에 가면,강원도 춘천시 남산면 보매기1길 61-44,033-261-1330,2021-09-09
민박,김삿갓,강원도 춘천시 남산면 강촌로 68-1,033-261-9241,2021-09-09
민박,노블스타밸리1,강원도 춘천시 남산면 갯골길 122,,2021-09-09
민박,노블스타밸리2,강원도 춘천시 남산면 갯골길 120,,2021-09-09
민박,노블스타밸리3,강원도 춘천시 남산면 갯골길 118,,2021-09-09
민박,노블스타밸리4,강원도 춘천시 남산면 갯골길 116,,2021-09-09
민박,노블스타밸리5,강원도 춘천시 남산면 갯골길 112-7,,2021-09-09
민박,가족쉼터,강원도 춘천시 사북면 화악지암길 686-9,033-243-1880,2021-09-09
민박,까치민박,강원도 춘천시 남산면 강촌로 76,033-261-6426,2021-09-09
민박,W펜션,강원도 춘천시 남산면 강촌로 143,033-261-1678,2021-09-09
민박,애니타임,강원도 춘천시 남산면 강촌구곡길 14,033-262-0248,2021-09-09
민박,강촌에살고싶네,강원도 춘천시 남산면 강촌구곡길 42-1,033-263-5616,2021-09-09
민박,열린민박,강원도 춘천시 남산면 강촌로 112,,2021-09-09
민박,패밀리가떴다,강원도 춘천시 남산면 강촌길 17,033-261-0128,2021-09-09
민박,테마민박,강원도 춘천시 남산면 강촌구곡길 8,033-261-3003,2021-09-09
민박,다이리옴,강원도 춘천시 남산면 북한강변길 408,,2021-09-09
민박,김포민박,강원도 춘천시 사북면 사내천로 1211-16,033-243-4880,2021-09-09
민박,유앤아이Ⅱ,강원도 춘천시 남산면 소주고개로 459-18,,2021-09-09
민박,남이섬강변스테이,강원도 춘천시 남산면 서천길 159-2,,2021-09-09
민박,하늘정원민박,강원도 춘천시 남산면 보매기1길 99 ,033-261-8229,2021-09-09
민박,강촌휴,강원도 춘천시 남산면 풀무골1길 20,,2021-09-09
민박,성기삼민박,강원도 춘천시 사북면 원평길 584,033-243-6598,2021-09-09
민박,쉼바위민박,강원도 춘천시 남산면 홍천강변길 48,033-263-9390,2021-09-09
민박,채원민박,강원도 춘천시 남산면 홍천강변길 62,033-263-0040,2021-09-09
민박,아이리스,강원도 춘천시 남산면 강촌로 54-1,033-261-8933,2021-09-09
민박,록키산장,강원도 춘천시 남산면 강촌로 68-3,033-262-7600,2021-09-09
민박,리버파크,강원도 춘천시 남산면 방하로 365-63,033-263-5098,2021-09-09
민박,강바람민박,"강원도 춘천시 남산면 북한강변길 910-26, A동",033-262-1008,2021-09-09
민박,리버갤러리,강원도 춘천시 남산면 북한강변길 814,033-261-6111,2021-09-09
민박,별나무향기,강원도 춘천시 남산면 서백길 604,033-263-2089,2021-09-09
민박,전망좋은집,강원도 춘천시 남산면 강촌길 39-2,033-261-0107,2021-09-09
민박,화이트벨,강원도 춘천시 남산면 강촌로 113,033-262-0031,2021-09-09
민박,뷰티풀강촌,강원도 춘천시 남산면 강촌로 186,033-261-3355,2021-09-09
민박,강촌내집처럼민박,강원도 춘천시 남산면 갯골길 66,033-262-1928,2021-09-09
민박,하얀허브,강원도 춘천시 남산면 갯골길 112-14,033-261-7311,2021-09-09
민박,리버파크2,강원도 춘천시 남산면 방하로 365-63,033-263-5098,2021-09-09
민박,옹기민박,강원도 춘천시 남산면 강촌길 42,033-262-4468,2021-09-09
민박,종기민박,강원도 춘천시 남산면 강촌길 42,033-262-4468,2021-09-09
민박,해뜨는집,강원도 춘천시 남산면 강촌로 144,033-262-4070,2021-09-09
민박,강촌해와달,강원도 춘천시 남산면 풀무골1길 56,,2021-09-09
민박,하늘스테이,강원도 춘천시 남산면 보매기1길 25,033-262-4108,2021-09-09
민박,이니스프리,강원도 춘천시 남산면 풀무골1길 101-12,033-262-5238,2021-09-09
민박,강촌마운틴,강원도 춘천시 남산면 풀무골1길 26-1,033-261-6776,2021-09-09
민박,강촌산나물농원,강원도 춘천시 남면 소주고개로 274,033-263-9877,2021-09-09
민박,웰컴강촌,강원도 춘천시 남산면 강촌로 258,033-262-6666,2021-09-09
민박,참새민박,강원도 춘천시 서면 명월길 525,033-243-6778,2021-09-09
민박,산수정민박,강원도 춘천시 남산면 강촌구곡길 209,033-262-4696,2021-09-09
민박,새들의천국,강원도 춘천시 서면 툇골길 550-14,033-244-3037,2021-09-09
민박,우래골 대추나무 농원,강원도 춘천시 사북면 우레골길 98,033-243-6694,2021-09-09
민박,들꽃피는 호수마을,강원도 춘천시 사북면 원평길 36-49,,2021-09-09
민박,통나무집민박,강원도 춘천시 사북면 화악지암길 370-21,033-243-2181,2021-09-09
민박,통나무집민박,강원도 춘천시 사북면 화악지암길 322-29,033-243-2221,2021-09-09
민박,숲속이야기,강원도 춘천시 남산면 둔일길 89,033-261-7855,2021-09-09
민박,오아시스,강원도 춘천시 남산면 노일길 92,033-261-8089,2021-09-09
민박,산토리니 펜션,강원도 춘천시 남면 충효로 1166-35,,2021-09-09
민박,내 마음속 작은 다락방,강원도 춘천시 남산면 서천길 37,033-263-1755,2021-09-09
민박,작은 다락방,강원도 춘천시 남산면 서천길 39,,2021-09-09
민박,산토리니 펜션,강원도 춘천시 남면 충효로 1166-37,033-263-0430,2021-09-09
민박,브릿지 펜션,강원도 춘천시 남산면 북한강변길 292-6,033-263-7850,2021-09-09
민박,하늘꽃,강원도 춘천시 남산면 서백1길 70,033-263-1346,2021-09-09
민박,강빛노을,강원도 춘천시 서면 경춘로 660,,2021-09-09
민박,하늘소,강원도 춘천시 북산면 오봉산길 580,,2021-09-09
민박,다솜마루,강원도 춘천시 남면 박암관천길 520,,2021-09-09
민박,강촌바람펜션,강원도 춘천시 남면 여우내길 20-2,,2021-09-09
민박,강촌초코민트,강원도 춘천시 남산면 풀무골1길 58,,2021-09-09
민박,펜션 공감,강원도 춘천시 남산면 홍천강변길 516-38,033-263-8500,2021-09-09
민박,호수와 산마루 ,강원도 춘천시 남산면 방하로 470-25,033-263-0035,2021-09-09
민박,알바노,강원도 춘천시 남산면 서천길 105,,2021-09-09
민박,더 강촌 민박,강원도 춘천시 서면 경춘로 1033-22,070-8810-3726,2021-09-09
민박,대원펜션,강원도 춘천시 서면 덕두원길 38,033-242-8536,2021-09-09
민박,물안골농장,강원도 춘천시 북산면 부귀로 839-7,033-244-0576,2021-09-09
민박,소양댐펜션,강원도 춘천시 신북읍 신샘밭로 862,,2021-09-09
민박,하이,강원도 춘천시 서면 당산1길 113,033-243-4637,2021-09-09
민박,강촌 초콜릿 펜션,강원도 춘천시 남산면 북한강변길 824,033-261-8266,2021-09-09
민박,구름카푸치노,강원도 춘천시 남산면 서천길 27-1,033-264-3412,2021-09-09
민박,노을다차,강원도 춘천시 남산면 방하로 1166-8,,2021-09-09
민박,썬샤인,강원도 춘천시 남산면 햇골길 19-15,,2021-09-09
민박,싼토리아,강원도 춘천시 남산면 햇골길 19-3,,2021-09-09
민박,다다,강원도 춘천시 서면 경춘로 1033-26,,2021-09-09
민박,강촌언덕마루,강원도 춘천시 남산면 강촌길 31-13,033-263-9777,2021-09-09
민박,푸른공간,강원도 춘천시 남산면 햇골길 31-11,033-263-5973,2021-09-09
민박,유진펜션,"강원도 춘천시 남산면 방하로 777, 다동",033-263-5513,2021-09-09
민박,연지원,강원도 춘천시 사북면 화악지암길 158,033-243-8800,2021-09-09
민박,헬리오스와셀레네,강원도 춘천시 남산면 보매기1길 27,,2021-09-09
민박,몽아미,강원도 춘천시 사북면 화악지암길 302,,2021-09-09
민박,소양강수목원,강원도 춘천시 신북읍 신샘밭로 815,,2021-09-09
민박,웃버덩,강원도 춘천시 사북면 화악지암길 332,,2021-09-09
민박,그리스펜션,강원도 춘천시 남산면 경춘로 168-8,033-263-0701,2021-09-09
민박,비갠후,강원도 춘천시 남산면 햇골길 1-30,,2021-09-09
민박,ST621,강원도 춘천시 남산면 햇골길 10-1,,2021-09-09
민박,게스트하우스 나비야,강원도 춘천시 서면 툇골길 15,033-243-1970,2021-09-09
민박,빌라노빌레,강원도 춘천시 남산면 서천길 103-1,,2021-09-09
민박,춘천거기,강원도 춘천시 사북면 화악지암길 600-150,,2021-09-09
민박,Na's민박,강원도 춘천시 신북읍 신샘밭로 706-8,,2021-09-09
민박,아미고 강촌,강원도 춘천시 남산면 보매기1길 62-4,,2021-09-09
민박,대명비발디펜션,강원도 춘천시 남산면 홍천강변길 516-36,,2021-09-09
민박,산촌펜션Ⅰ,강원도 춘천시 남산면 방하로 440-41,033-263-2118,2021-09-09
민박,산촌펜션Ⅱ,강원도 춘천시 남산면 방하로 440-43,,2021-09-09
민박,산(山),강원도 춘천시 서면 명월길 310,,2021-09-09
민박,산의품속,강원도 춘천시 신북읍 춘양로 43,,2021-09-09
민박,삼보,강원도 춘천시 서면 영서로 3860-11,,2021-09-09
민박,다볼펜션,강원도 춘천시 남산면 둔일길 202,,2021-09-09
민박,엘리시움,강원도 춘천시 서면 경춘로 686-5,,2021-09-09
민박,티라,강원도 춘천시 남산면 경춘로 74,,2021-09-09
민박,오라펜션,강원도 춘천시 남산면 경춘로 72,,2021-09-09
민박,별빛강가펜션,강원도 춘천시 남산면 홍천강변길 516-42,,2021-09-09
민박,품안마을1,강원도 춘천시 동면 품걸길 316,,2021-09-09
민박,품안마을,강원도 춘천시 동면 품걸길 316,,2021-09-09
민박,드림하늘채,강원도 춘천시 남산면 소주고개로 377-12,033-262-7227,2021-09-09
민박,남이섬 우리들,강원도 춘천시 남산면 서백길 362-17,,2021-09-09
민박,파이콘펜션,강원도 춘천시 신북읍 신샘밭로 772,,2021-09-09
민박,화이트빌펜션,강원도 춘천시 남산면 방하로 688-14,033-264-2334,2021-09-09
민박,수하늘,강원도 춘천시 남면 박암관천길 93-7,033-263-5808,2021-09-09
민박,둥지,강원도 춘천시 남산면 서백길 362-83,033-263-3735,2021-09-09
민박,나라,강원도 춘천시 남산면 경춘로 68,,2021-09-09
민박,별헤는 마을,강원도 춘천시 서면 경춘로 1092,,2021-09-09
민박,강촌땡큐하우스,강원도 춘천시 남산면 강촌구곡1길 11-1,,2021-09-09
민박,빅베어,강원도 춘천시 남산면 서백1길 62,,2021-09-09
민박,원터프론트,강원도 춘천시 서면 경춘로 436,,2021-09-09
민박,힐링로드,강원도 춘천시 남산면 서백길 745,070-4111-6690,2021-09-09
민박,나무사이에 자연속으로,강원도 춘천시 남산면 문의골길 20,,2021-09-09
민박,수원민박,강원도 춘천시 사북면 영서로 4591,,2021-09-09
민박,세이셀,강원도 춘천시 남산면 노일길 87,,2021-09-09
민박,강촌숲속의통나무집,강원도 춘천시 남산면 서백길 377,033-263-1475,2021-09-09
민박,클럽몽키,"강원도 춘천시 남면 소주고개로 299, 2동",,2021-09-09
민박,엠케이,"강원도 춘천시 남면 소주고개로 299, 4동",,2021-09-09
민박,몽키레저타운,"강원도 춘천시 남면 소주고개로 299, 1동",,2021-09-09
민박,우레골민박,강원도 춘천시 사북면 우레골길 104-11,,2021-09-09
민박,리버팜Ⅲ,강원도 춘천시 남산면 북한강변길 46-5 A동,,2021-09-09
민박,사계절,강원도 춘천시 남산면 서백길 454,,2021-09-09
민박,하늘빛,강원도 춘천시 남산면 서백길 362-75,,2021-09-09
민박,파인힐민박,강원도 춘천시 남산면 강촌구곡길 11,033-263-2324,2021-09-09
민박,쏠리오,강원도 춘천시 남산면 서천길 117,,2021-09-09
민박,사랑채민박,강원도 춘천시 남산면 서백길 122,,2021-09-09
민박,삼악산민박,강원도 춘천시 서면 덕두원길 118-16,,2021-09-09
민박,리버풀,강원도 춘천시 남산면 북한강변길 46-5,,2021-09-09
민박,A.D 467,강원도 춘천시 남산면 햇골길 13-19,,2021-09-09
민박,남양민박,강원도 춘천시 사북면 화악지암길 126,,2021-09-09
민박,파인뷰,"강원도 춘천시 동면 금옥길 471-10, 나동",,2021-09-09
민박,돌집,강원도 춘천시 남면 한덕발산길 20-1,,2021-09-09
민박,돌집2,강원도 춘천시 남면 한덕발산길 16-7,,2021-09-09
민박,숲속에 황토,강원도 춘천시 남산면 서백2길 31,,2021-09-09
민박,강촌벨리앙,강원도 춘천시 남산면 보매기1길 61-12,,2021-09-09
민박,산울림,강원도 춘천시 남산면 노일길 40-8,,2021-09-09
민박,비다펠리스,"강원도 춘천시 남산면 서백길 701, 1동",,2021-09-09
민박,파스텔B,강원도 춘천시 신북읍 신샘밭로 700-1,,2021-09-09
민박,파스텔A,강원도 춘천시 신북읍 신샘밭로 700-1,033-264-2120,2021-09-09
민박,일박,강원도 춘천시 사북면 화악지암길 136,,2021-09-09
민박,팔미체험민박,강원도 춘천시 신동면 설미길 218-21,033-261-0134,2021-09-09
민박,오렌지,강원도 춘천시 남산면 보매기1길 61-42,,2021-09-09
민박,애천,강원도 춘천시 남산면 홍천강변길 410,,2021-09-09
민박,도래샘,강원도 춘천시 남면 한덕발산길 49,033-263-0505,2021-09-09
민박,황토집,강원도 춘천시 남산면 충효로 343,033-261-4150,2021-09-09
민박,품걸별마당,강원도 춘천시 동면 품걸길 415,,2021-09-09
민박,문학촌민박,강원도 춘천시 신동면 풍류1길 151,033-263-0044,2021-09-09
민박,강촌스카이밸리,강원도 춘천시 남산면 서백길 739,,2021-09-09
민박,세그루 게스트하우스,강원도 춘천시 서면 금산2길 22-3,,2021-09-09
민박,서로빌라엠,강원도 춘천시 서면 경춘로 700 나동,,2021-09-09
민박,서로하우스,강원도 춘천시 서면 경춘로 700 가동,,2021-09-09
민박,언덕민박,강원도 춘천시 남산면 강촌구곡길 29,,2021-09-09
민박,ST320,강원도 춘천시 남산면 서천길 131,,2021-09-09
민박,강촌테마랜드,강원도 춘천시 남산면 오양골길 134,,2021-09-09
민박,루이,강원도 춘천시 남산면 노일길 40-24,,2021-09-09
민박,온유,강원도 춘천시 동산면 윗성골길 36,,2021-09-09
민박,온유,강원도 춘천시 동산면 윗성골길 38,,2021-09-09
민박,파인뷰2,"강원도 춘천시 동면 금옥길 471-10, 가동",033-242-9856,2021-09-09
민박,테라테하우스,강원도 춘천시 동면 건일길 234,,2021-09-09
민박,아침안개,강원도 춘천시 남산면 방하로 470-24,,2021-09-09
민박,로하스,강원도 춘천시 서면 툇골길 7,,2021-09-09
민박,별꽃향기,강원도 춘천시 남산면 서백길 79-10,,2021-09-09
민박,목향안거,강원도 춘천시 남산면 갯골길 68,,2021-09-09
민박,흐름,강원도 춘천시 서면 화악지암길 810,,2021-09-09
민박,레일바이크,강원도 춘천시 남산면 서천길 87,,2021-09-09
민박,산이랑 강이랑,강원도 춘천시 남산면 강촌로 240,,2021-09-09
민박,바니,강원도 춘천시 남면 한덕발산길 49,,2021-09-09
민박,스몰스톤,강원도 춘천시 남산면 북한강변길 319,,2021-09-09
민박,필 모션,강원도 춘천시 남산면 방하로 1157,,2021-09-09
민박,엘도라도 아마존,강원도 춘천시 남산면 방하로 1155,,2021-09-09
민박,춘천펜션 마이두,강원도 춘천시 서면 명월길 440,,2021-09-09
민박,추곡약수민박,강원도 춘천시 북산면 추곡약수길 47,,2021-09-09
민박,피에스타,강원도 춘천시 남산면 서백길 496-20,,2021-09-09
민박,그집팬션,강원도 춘천시 사북면 화악지암길 146,,2021-09-09
민박,비타민 숲,강원도 춘천시 서면 뒷개길 94,,2021-09-09
민박,초록달팽이,강원도 춘천시 남산면 서천길 137,,2021-09-09
민박,조약돌,강원도 춘천시 남산면 북한강변길 323,,2021-09-09
민박,나비드,강원도 춘천시 남면 박암관천길 431-6,,2021-09-09
민박,태봉골민박,강원도 춘천시 서면 박사로 771,033-243-9596,2021-09-09
민박,반딧불펜션,강원도 춘천시 남산면 강촌문배길 57,,2021-09-09
민박,벨에어,강원도 춘천시 남산면 방하로 470-57,,2021-09-09
민박,엘리시아,강원도 춘천시 남산면 방하로 470-59,,2021-09-09
민박,미스타페오,강원도 춘천시 사북면 사여골길 8,,2021-09-09
민박,어게인 11월,강원도 춘천시 사북면 원평길 36,,2021-09-09
민박,뜨락B,"강원도 춘천시 남산면 풀무골1길 26, B동",,2021-09-09
민박,리버투어,강원도 춘천시 남산면 오양골1길 58,,2021-09-09
민박,별빛이 흐르는 강가펜션,강원도 춘천시 남산면 홍천강변길 516-40,033-263-5931,2021-09-09
민박,토브랜드,강원도 춘천시 남산면 큰골길 72,,2021-09-09
민박,산에들에,강원도 춘천시 남산면 소주고개로 465-12,,2021-09-09
민박,춘천숲펜션,강원도 춘천시 동산면 종자리로 224-99,,2021-09-09
민박,리멤버,강원도 춘천시 남산면 북한강변길 320,,2021-09-09
민박,호반쉼터,강원도 춘천시 사북면 원평길 263,,2021-09-09
민박,라온빌리지,강원도 춘천시 남산면 갯골길 87,,2021-09-09
민박,리버문,강원도 춘천시 남산면 방하로 1147,,2021-09-09
민박,민박이야기,강원도 춘천시 남산면 강촌길 41-1,,2021-09-09
민박,91stay,강원도 춘천시 송암길 17-12,,2021-09-09
민박,호반민박,강원도 춘천시 송암길 37,,2021-09-09
민박,비바펜션1,강원도 춘천시 남산면 서천길 81,,2021-09-09
민박,비바펜션2,강원도 춘천시 남산면 서천길 81-1,,2021-09-09
민박,비바펜션3,강원도 춘천시 남산면 서천길 83,,2021-09-09
민박,우문게스트하우스,강원도 춘천시 신동면 금병의숙길 22,,2021-09-09
민박,미나래,강원도 춘천시 서면 경춘로 432,,2021-09-09
민박,춘천 마당발 펜션,강원도 춘천시 사북면 화악지암길 161,,2021-09-09
민박,더 달달 애,강원도 춘천시 남산면 경춘로 70,,2021-09-09
민박,올리브펜션,강원도 춘천시 남산면 서백길 362-113,,2021-09-09
민박,로그캐빈,강원도 춘천시 남산면 북한강변길 327,,2021-09-09
민박,스네일하우스,"강원도 춘천시 남산면 서천길 137, A동",,2021-09-09
민박,블링블링펜션,강원도 춘천시 남산면 서백길 496-16,,2021-09-09
민박,플렌 비,강원도 춘천시 남산면 햇골길 43,,2021-09-09
민박,아름다운집 펜션,강원도 춘천시 남산면 북한강변길 826,,2021-09-09
민박,꿈에 그린 펜션,강원도 춘천시 남산면 보매기1길 61-56,,2021-09-09
민박,강촌팰리스,강원도 춘천시 서면 경춘로 595-26,,2021-09-09
민박,펜션리오,강원도 춘천시 송암길 13,,2021-09-09
민박,모리하우스,강원도 춘천시 남면 박암관천길 352,,2021-09-09
민박,솔향,강원도 춘천시 동면 가락재로 45,,2021-09-09
민박,계곡펜션,강원도 춘천시 사북면 화악지암길 150,,2021-09-09
민박,레이첼 펜션,강원도 춘천시 남산면 서천길 135,,2021-09-09
민박,춘천 봄앤봄 펜션,강원도 춘천시 신북읍 배후령길 12,,2021-09-09
민박,이멤버,강원도 춘천시 남산면 북한강변길 320,,2021-09-09
민박,오월문,강원도 춘천시 서면 화악지암길 912,,2021-09-09
민박,씨앤블랙,강원도 춘천시 남산면 서백길 496-14,,2021-09-09
민박,시간여행 펜션,강원도 춘천시 남산면 강촌구곡길 13,,2021-09-09
민박,"""수한예""",강원도 춘천시 동면 하일길 197,,2021-09-09
민박,포레스트 문 1동,강원도 춘천시 서면 월송길 381-15(17),,2021-09-09
민박,포레스트 문 2동,강원도 춘천시 서면 월송길 381-15(17),,2021-09-09
민박,포레스트 문 3동,강원도 춘천시 서면 월송길 381-17,,2021-09-09
민박,남이섬 봄펜션,강원도 춘천시 남산면 서천길 147,,2021-09-09
민박,제이드파크 펜션,강원도 춘천시 남산면 햇골길 53,,2021-09-09
민박,해피 플레이스(happy place),강원도 춘천시 신북읍 영서로 3630,,2021-09-09
민박,올리브펜션,강원도 춘천시 남면 바깥말길 115-16,,2021-09-09
민박,스톤힐펜션,강원도 춘천시 남면 바깥말길 115-16,,2021-09-09
민박,실로암펜션,강원도 춘천시 남면 바깥말길 115-16,,2021-09-09
민박,봉황민박,강원도 춘천시 동산면 구절산길 215,,2021-09-09
민박,펜션 노아스,강원도 춘천시 남산면 검봉산길 35,,2021-09-09
민박,하늘 풍경,강원도 춘천시 남산면 갯골길 178,,2021-09-09
민박,오투펜션,강원도 춘천시 남면 박암관천길 389,,2021-09-09
민박,힐링캠프,강원도 춘천시 북산면 공골길 86-10,,2021-09-09
민박,별이 그린 호수,강원도 춘천시 서면 영서로 3860-13,,2021-09-09
민박,에코리버 원,강원도 춘천시 사북면 춘화로 369,,2021-09-09
민박,에코리버 투,강원도 춘천시 사북면 춘화로 369-1,,2021-09-09
민박,에코리버 쓰리,강원도 춘천시 사북면 춘화로 361,,2021-09-09
민박,에코리버 포,강원도 춘천시 사북면 춘화로359,,2021-09-09
민박,산수록재,강원도 춘천시 동면 소양강로 443-30,,2021-09-09
민박,원코리아 베스트 하우스,강원도 춘천시 남산면 방하로 365-65,,2021-09-09
민박,원코리아 베스트 하우스 Ⅱ,강원도 춘천시 남산면 방하로 365-65,,2021-09-09
민박,춘천펜션,강원도 춘천시 신북읍 신샘밭로 774,,2021-09-09
민박,그레이스 하우스,강원도 춘천시 서면 삿갓봉길 226,033-244-2385,2021-09-09
민박,숲속의 작은집,강원도 춘천시 남산면 오양골1길 70,,2021-09-09
민박,파파스 펜션,강원도 춘천시 남산면 서백길 496-18,,2021-09-09
민박,나리 민박,강원도 춘천시 신동면 경춘로 1720,,2021-09-09
민박,즐거운 펜션,강원도 춘천시 남산면 서백길 450-5(구 450-4 A동),,2021-09-09
민박,로또 펜션,강원도 춘천시 남산면 서백길 452,,2021-09-09
민박,잣나무 팬션,강원도 춘천시 서면 율장길 165-16,,2021-09-09
민박,V528,강원도 춘천시 사북면 화악지암1길 56,,2021-09-09
민박,텃골 황토 민박,"강원도 춘천시 남면 박암관천길 21, 나동",,2021-09-09
민박,더 나인,강원도 춘천시 남산면 서백길 496-8,,2021-09-09
민박,이비자,강원도 춘천시 남산면 서백길 496-6,,2021-09-09
민박,코코팬션,강원도 춘천시 신동면 경춘로 1722,,2021-09-09
민박,남이섬 아이린 펜션,강원도 춘천시 서면 경춘로 434,,2021-09-09
민박,춘천 지암리 놀이터 펜션,강원도 춘천시 사북면 화악지암길 420-23,,2021-09-09
민박,아리움 하우스,강원도 춘천시 마내길 42,,2021-09-09
민박,계수나무집,강원도 춘천시 북산면 추곡약수길 77-10,,2021-09-09
민박,옛날집,강원도 춘천시 북산면 추곡약수길 77-12,,2021-09-09
민박,꽃집민박,강원도 춘천시 북산면 추곡약수길 77-14,,2021-09-09
민박,햄릿과 올리브,강원도 춘천시 신동면 풍류1길 60,,2021-09-09
민박,김유정사랑방,강원도 춘천시 신동면 금병의숙1길 26-17,,2021-09-09
민박,강촌 포도펜션,"강원도 춘천시 남산면 서백2길 36, 가동",,2021-09-09
민박,별빛달밤 게스트하우스,"강원도 춘천시 남산면 서백길 362-35, 가동",,2021-09-09
민박,베아토,강원도 춘천시 남산면 서천길 73,,2021-09-09
민박,강촌스케치,강원도 춘천시 남산면 강촌로 254,,2021-09-09
민박,아이린 하우스,강원도 춘천시 동면 백자동길 8,,2021-09-09
민박,캠프y,강원도 춘천시 남산면 서백길 496-21,,2021-09-09
민박,로하스테이,강원도 춘천시 서면 덕두원길 12,,2021-09-09
민박,우나멜로팬션,강원도 춘천시 남면 박암관천길 404,,2021-09-09
민박,썬샤인,강원도 춘천시 남산면 강촌로 98-1,,2021-09-09
민박,러브레터 펜션,강원도 춘천시 남산면 보매기1길 104(A동),,2021-09-09
민박,샘마을 민박,강원도 춘천시 남산면 방하로 440-52,,2021-09-09
민박,소나무 세상,강원도 춘천시 사북면 사여골길 105,,2021-09-09
민박,유정 민박,강원도 춘천시 신동면 금병의숙길 55-4,,2021-09-09
민박,강촌 스위트 펜션,강원도 춘천시 남산면 풀무골1길 42,,2021-09-09
민박,킴스 홀리데이 빌라,강원도 춘천시 남산면 산수길 373,,2021-09-09
민박,세르니띠,"강원도 춘천시 남산면 서백1길 38, A동",,2021-09-09
민박,더널리 휴,강원도 춘천시 사북면 화악지암1길 153,,2021-09-09
민박,박사마을 책방,강원도 춘천시 서면 당산1길 97-4,,2021-09-09
민박,혜원,"강원도 춘천시 남산면 홍천강변길 354-2, C동",,2021-09-09
민박,레빗스타,강원도 춘천시 서면 박사로 233,,2021-09-09
민박,별빛나루,강원도 춘천시 남산면 방하로 800,,2021-09-09
민박,올데이 펜션,강원도 춘천시 남산면 북한강변길 822,,2021-09-09
민박,LPP 게스트하우스,강원도 춘천시 남산면 방하로 1166-6,,2021-09-09
민박,삐끄니끄 펜션,강원도 춘천시 남산면 풀무골1길 22,,2021-09-09
민박,뮤지엄 스테이,강원도 춘천시 사북면 화악지암길 99-1,,2021-09-09
민박,오월민박,강원도 춘천시 서면 영서로 3854-11,,2021-09-09
민박,강촌라이프,강원도 춘천시 남산면 강촌구곡길 42,,2021-09-09
민박,한들 민박,강원도 춘천시 신동면 김유정로 1274,,2021-09-09
민박,미몽펜션,강원도 춘천시 남산면 강촌로 172,,2021-09-09
민박,굿모닝,"강원도 춘천시 남산면 서백길 723, 나동",,2021-09-09
민박,리버스토리,강원도 춘천시 서면 박사로 1210,033-253-5425,2021-09-09
민박,리버스토리(투),강원도 춘천시 서면 박사로 1214,,2021-09-09
민박,레드,"강원도 춘천시 남산면 방하로 1174, 나동",,2021-09-09
민박,아이플러스 펜션,강원도 춘천시 남산면 풀무골1길 22-1,,2021-09-09
민박,데일리,강원도 춘천시 동산면 윗성골길 70,,2021-09-09
민박,아띠올,강원도 춘천시 남산면 서백2길 41,,2021-09-09
민박,뮤직펜션,강원도 춘천시 남산면 강촌구곡1길 75,,2021-09-09
민박,호하우스,강원도 춘천시 남산면 경춘로 134,,2021-09-09
민박,호하우스1,강원도 춘천시 남산면 경춘로 132,,2021-09-09
민박,남이섬 설,강원도 춘천시 남산면 서백길 707-2,,2021-09-09
민박,말레,강원도 춘천시 남산면 서백길 707-3,,2021-09-09
민박,행복한 펜션,강원도 춘천시 남산면 서백길 707-4,,2021-09-09
민박,몰디브,강원도 춘천시 남산면 서백길 707-5,,2021-09-09
민박,샤크 아일랜드,강원도 춘천시 남산면 방하로 1163,,2021-09-09
민박,데일리 랜드,강원도 춘천시 동산면 윗성골길 58,,2021-09-09
민박,데일리 랜드,강원도 춘천시 동산면 윗성골길 60,,2021-09-09
민박,데일리 랜드,강원도 춘천시 동산면 윗성골길 62,,2021-09-09
민박,샤론 웰빙 하우스,강원도 춘천시 동내면 장안길 23-20,,2021-09-09
